{
  "project_info": {
    "project_number": "1004760536093",
    "project_id": "mjwm-36c0f",
    "storage_bucket": "mjwm-36c0f.appspot.com"
  },
  "client": [
    {
      "client_info": {
        "mobilesdk_app_id": "1:1004760536093:android:de0bd7da1078de0bd762f4",
        "android_client_info": {
          "package_name": "com.example.mjworkmanagement"
        }
      },
      "oauth_client": [],
      "api_key": [
        {
          "current_key": "AIzaSyDJi0fkFvPqQ4N7vDqus03KRjP6N3YICs4"
        }
      ],
      "services": {
        "appinvite_service": {
          "other_platform_oauth_client": []
        }
      }
    }
  ],
  "configuration_version": "1"
}